Site,Species,Del,DBH,Height,Data_entry_order,comments,Row_ID
1,Eucalyptus delegatensis,1,56,25,1,,1
1,Eucalyptus delegatensis,1,68,30,2,,2
1,Eucalyptus delegatensis,1,55,25,3,,3
1,Eucalyptus delegatensis,1,66,30,4,,4
1,Acacia melanoxylon,0,12,6,5,,5
1,Acacia melanoxylon,0,12,6,6,,6
1,Eucalyptus delegatensis,1,95,30,7,,7
1,Eucalyptus delegatensis,1,38,18,8,,8
1,Eucalyptus delegatensis,1,59,25,9,,9
1,Eucalyptus delegatensis,1,92,30,10,,10
1,Eucalyptus delegatensis,1,71,25,11,,11
1,Eucalyptus delegatensis,1,74.5,,12,,12
1,Acacia melanoxylon,0,27,10,13,,13
1,Acacia melanoxylon,0,25,6,14,,14
1,Acacia melanoxylon,0,19,5,15,,15
1,Eucalyptus delegatensis,1,16,10,16,,16
1,Acacia melanoxylon,0,21.5,5,17,,17
1,Acacia melanoxylon,0,34,5,18,,18
1,Eucalyptus delegatensis,1,56,25,19,twin leaders,19
1,Eucalyptus delegatensis,1,35,18,20,twin leaders,20
1,Acacia melanoxylon,0,16,5,21,,21
1,Eucalyptus delegatensis,1,56,25,22,,22
1,Eucalyptus delegatensis,1,54,25,23,,23
1,Eucalyptus delegatensis,1,74.5,30,24,,24
1,Eucalyptus delegatensis,1,58,25,25,,25
1,Acacia melanoxylon,0,16,5,26,,26
1,Eucalyptus delegatensis,1,76,30,27,,27
1,Acacia melanoxylon,0,30,10,28,,28
1,Acacia melanoxylon,0,31,9,29,,29
1,Eucalyptus delegatensis,1,63,36,30,,30
1,Eucalyptus delegatensis,1,64,30,31,,31
1,Eucalyptus delegatensis,1,62,30,32,,32
1,Eucalyptus delegatensis,1,48,25,33,,33
1,Eucalyptus delegatensis,1,41,22,34,,34
1,Eucalyptus delegatensis,1,43,15,35,,35
1,Eucalyptus delegatensis,1,72,30,36,same tree,36
1,Eucalyptus delegatensis,1,49,25,37,same tree,37
1,Acacia melanoxylon,0,20,5,38,,38
1,Eucalyptus delegatensis,1,66,30,39,,39
1,Acacia melanoxylon,0,17,8,40,,40
1,Eucalyptus pauciflora,0,70,10,41,lost top,41
1,Acacia melanoxylon,0,28,9,42,,42
1,Eucalyptus dalrympleana,0,24,10,43,,43
1,Eucalyptus dalrympleana,0,55,20,44,,44
1,Eucalyptus delegatensis,1,19,9,45,leaning,45
1,Eucalyptus pauciflora,0,12,6,46,,46
1,Eucalyptus pauciflora,0,16,7,47,,47
1,Acacia melanoxylon,0,10.5,4,48,,48
1,Acacia melanoxylon,0,14,6,49,,49
1,Eucalyptus delegatensis,1,40,12,50,,50
1,Acacia melanoxylon,0,16,4,51,,51
2,Eucalyptus delegatensis,1,93,35,52,,52
2,Eucalyptus delegatensis,1,46,25,53,,53
2,Eucalyptus delegatensis,1,30,18,54,,54
2,Eucalyptus radiata,0,10,6,55,,55
2,Eucalyptus delegatensis,1,26,20,56,,56
2,Eucalyptus radiata,0,16,7,57,,57
2,Eucalyptus delegatensis,1,39,25,58,,58
2,Eucalyptus radiata,0,11.5,6,59,,59
2,Eucalyptus radiata,0,11,6,60,,60
2,Eucalyptus delegatensis,1,34,25,61,,61
2,Eucalyptus delegatensis,1,27,22,62,,62
2,Eucalyptus delegatensis,1,50,25,63,,63
2,Eucalyptus delegatensis,1,36,25,64,,64
2,Eucalyptus delegatensis,1,22,18,65,,65
2,Eucalyptus delegatensis,1,20,16,66,,66
2,Eucalyptus radiata,0,15,6,67,,67
2,Eucalyptus radiata,0,12,6,68,,68
2,Eucalyptus radiata,0,31,11,69,,69
2,Eucalyptus delegatensis,1,32,19,70,,70
2,Eucalyptus delegatensis,1,93,30,71,,71
2,Eucalyptus delegatensis,1,41.5,22,72,,72
2,Eucalyptus delegatensis,1,37,15,73,,73
2,Eucalyptus delegatensis,1,95,30,74,,74
2,Eucalyptus delegatensis,1,43,20,75,,75
2,Eucalyptus delegatensis,1,59,22,76,,76
2,Eucalyptus pauciflora,0,22,12,77,,77
2,Eucalyptus delegatensis,1,80,26,78,,78
2,Eucalyptus delegatensis,1,100,30,79,,79
3,Eucalyptus delegatensis,1,36,18,80,,80
3,Eucalyptus delegatensis,1,171,30,81,,81
3,Eucalyptus delegatensis,1,22,12,82,,82
3,Eucalyptus delegatensis,1,12,7,83,,83
3,Eucalyptus delegatensis,1,38,16,84,,84
3,Eucalyptus delegatensis,1,17,17,85,,85
3,Eucalyptus delegatensis,1,21,11,86,,86
3,Eucalyptus radiata,0,24,10,87,,87
3,Eucalyptus radiata,0,30.5,12,88,,88
3,Eucalyptus radiata,0,23,9,89,,89
3,Eucalyptus radiata,0,33,12,90,,90
3,Eucalyptus radiata,0,50.5,28,91,,91
3,Eucalyptus radiata,0,43.5,16,92,,92
3,Eucalyptus radiata,0,38,20,93,,93
3,Eucalyptus radiata,0,98,27,94,,94
3,Eucalyptus dalrympleana,0,87,18,95,,95
3,Eucalyptus dalrympleana,0,105.5,28,96,,96
3,Eucalyptus dalrympleana,0,99,30,97,,97
3,Eucalyptus dalrympleana,0,80,26,98,,98
4,Eucalyptus delegatensis,1,115,35,99,,99
4,Eucalyptus delegatensis,1,101,35,100,,100
4,Eucalyptus dalrympleana,0,55,25,101,,101
4,Eucalyptus delegatensis,1,71,30,102,,102
4,Eucalyptus delegatensis,1,75,35,103,,103
4,Eucalyptus delegatensis,1,57,35,104,,104
4,Eucalyptus delegatensis,1,39.5,25,105,,105
4,Eucalyptus delegatensis,1,84,35,106,,106
4,Eucalyptus delegatensis,1,39,30,107,,107
4,Eucalyptus delegatensis,1,147,35,108,fire scar from base to 10m up trunk,108
4,Eucalyptus delegatensis,1,163,35,109,,109
4,Eucalyptus dalrympleana,0,59,25,110,,110
4,Eucalyptus dalrympleana,0,59,18,111,,111
4,Eucalyptus dalrympleana,0,77,23,112,,112
5,Eucalyptus delegatensis,1,30,25,113,,113
5,Eucalyptus pauciflora,0,12,8,114,,114
5,Eucalyptus delegatensis,1,82,35,115,,115
5,Eucalyptus delegatensis,1,98,30,116,,116
5,Eucalyptus delegatensis,1,79,35,117,,117
5,Eucalyptus radiata,0,16.5,9,118,,118
5,Eucalyptus dalrympleana,0,15,5,119,broken top,119
5,Eucalyptus dalrympleana,0,14,9,120,,120
5,Eucalyptus delegatensis,1,92,30,121,,121
5,Eucalyptus delegatensis,1,90,35,122,,122
5,Eucalyptus delegatensis,1,110,35,123,,123
5,Eucalyptus radiata,0,73,35,124,,124
5,Eucalyptus dalrympleana,0,21.5,8,125,broken top,125
5,Eucalyptus radiata,0,74,35,126,,126
5,Eucalyptus radiata,0,14,5,127,fallen over,127
5,Eucalyptus radiata,0,11,6,128,,128
5,Eucalyptus delegatensis,1,74,30,129,,129
5,Eucalyptus delegatensis,1,57,30,130,,130
5,Eucalyptus delegatensis,1,81,35,131,,131
5,Eucalyptus delegatensis,1,70,30,132,,132
5,Eucalyptus delegatensis,1,69,35,133,,133
6,Acacia melanoxylon,0,21,7,134,,134
6,Eucalyptus delegatensis,1,123,35,135,,135
6,Acacia melanoxylon,0,13,5,136,,136
6,Acacia melanoxylon,0,24,7,137,,137
6,Acacia melanoxylon,0,14.5,3,138,,138
6,Acacia melanoxylon,0,14,6,139,,139
6,Acacia melanoxylon,0,14.5,5,140,,140
6,Eucalyptus delegatensis,1,124,30,141,,141
6,Acacia melanoxylon,0,19,6,142,,142
6,Acacia melanoxylon,0,30,10,143,,143
6,Acacia melanoxylon,0,28,10,144,,144
6,Acacia melanoxylon,0,26,11,145,,145
6,Eucalyptus delegatensis,1,71,30,146,,146
6,Acacia melanoxylon,0,20,8,147,,147
6,Persoonia subvelutina,0,16,4,148,measured just under BH,148
6,Acacia melanoxylon,0,29,12,149,,149
6,Acacia melanoxylon,0,19,11,150,,150
6,Acacia melanoxylon,0,26,15,151,,151
6,Acacia melanoxylon,0,17,7,152,,152
6,Acacia melanoxylon,0,16,6,153,,153
6,Acacia melanoxylon,0,28,9,154,,154
6,Eucalyptus delegatensis,1,104,35,155,,155
6,Acacia melanoxylon,0,48,12,156,,156
6,Acacia melanoxylon,0,10,4,157,,157
6,Acacia melanoxylon,0,14,4,158,,158
6,Acacia melanoxylon,0,17,8,159,,159
6,Acacia melanoxylon,0,23,7,160,,160
7,Eucalyptus radiata,0,16,12,161,,161
7,Eucalyptus radiata,0,20,12,162,,162
7,Eucalyptus radiata,0,14,6,163,,163
7,Eucalyptus delegatensis,1,24,18,164,,164
7,Eucalyptus radiata,0,10.5,6,165,,165
7,Eucalyptus delegatensis,1,35,20,166,,166
7,Eucalyptus dalrympleana,0,16,11,167,,167
7,Eucalyptus dalrympleana,0,112,30,168,,168
7,Eucalyptus radiata,0,17.5,13,169,,169
7,Eucalyptus radiata,0,15.5,10,170,,170
7,Eucalyptus radiata,0,17,3,171,,171
7,Eucalyptus radiata,0,23,12,172,,172
7,Eucalyptus radiata,0,42,16,173,,173
7,Eucalyptus delegatensis,1,132,35,174,,174
7,Eucalyptus dalrympleana,0,96,30,175,,175
7,Eucalyptus radiata,0,53,25,176,,176
7,Eucalyptus radiata,0,64,30,177,,177
7,Eucalyptus dalrympleana,0,20,16,178,,178
7,Eucalyptus dalrympleana,0,16,12,179,,179
7,Eucalyptus dalrympleana,0,18,14,180,,180
7,Eucalyptus radiata,0,21,13,181,,181
7,Eucalyptus radiata,0,20,9,182,twin leaders,182
7,Eucalyptus radiata,0,17,4,183,twin leaders,183
7,Eucalyptus dalrympleana,0,26,9,184,,184
7,Eucalyptus radiata,0,38.5,14,185,,185
7,Eucalyptus radiata,0,26,14,186,,186
7,Eucalyptus delegatensis,1,33,16,187,,187
7,Eucalyptus delegatensis,1,110,30,188,,188
7,Eucalyptus delegatensis,1,117,35,189,,189
8,Eucalyptus delegatensis,1,15,9,190,,190
8,Eucalyptus delegatensis,1,42,20,191,,191
8,Eucalyptus delegatensis,1,42,20,192,,192
8,Eucalyptus delegatensis,1,73,29,193,,193
8,Eucalyptus delegatensis,1,88,28,194,,194
8,Eucalyptus delegatensis,1,105,30,195,,195
8,Eucalyptus delegatensis,1,49,18,196,,196
8,Eucalyptus delegatensis,1,40.5,20,197,,197
8,Eucalyptus dalrympleana,0,142,32,198,,198
8,Eucalyptus radiata,0,29,15,199,,199
8,Eucalyptus radiata,0,46,15,200,,200
8,Eucalyptus radiata,0,53,15,201,,201
8,Eucalyptus radiata,0,74,26,202,marginally in quadrat,202
9,Eucalyptus dalrympleana,0,18,15,203,twin leaders,203
9,Eucalyptus dalrympleana,0,15.5,12,204,twin leaders,204
9,Eucalyptus dalrympleana,0,25,18,205,,205
9,Eucalyptus dalrympleana,0,43,22,206,,206
9,Eucalyptus dalrympleana,0,25,13,207,,207
9,Eucalyptus delegatensis,1,59,25,208,,208
9,Eucalyptus delegatensis,1,43,25,209,,209
9,Eucalyptus delegatensis,1,68,30,210,,210
9,Eucalyptus delegatensis,1,26,20,211,,211
9,Eucalyptus delegatensis,1,41,28,212,,212
9,Eucalyptus delegatensis,1,52,27,213,,213
9,Eucalyptus delegatensis,1,63,27,214,,214
9,Eucalyptus delegatensis,1,32,20,215,,215
9,Eucalyptus dalrympleana,0,17,11,216,,216
9,Eucalyptus delegatensis,1,23,12,217,,217
9,Eucalyptus delegatensis,1,46,27,218,,218
9,Eucalyptus delegatensis,1,38,20,219,,219
9,Eucalyptus delegatensis,1,47,30,220,,220
9,Eucalyptus delegatensis,1,28,18,221,,221
9,Eucalyptus delegatensis,1,31,18,222,,222
9,Eucalyptus delegatensis,1,41,25,223,,223
9,Eucalyptus delegatensis,1,29,20,224,,224
9,Eucalyptus delegatensis,1,61,30,225,,225
9,Eucalyptus delegatensis,1,53,30,226,,226
9,Eucalyptus delegatensis,1,140,35,227,,227
9,Eucalyptus delegatensis,1,29,25,228,,228
9,Eucalyptus delegatensis,1,46,25,229,,229
9,Eucalyptus delegatensis,1,29,18,230,,230
9,Eucalyptus delegatensis,1,56,26,231,,231
9,Eucalyptus delegatensis,1,17,10,232,,232
9,Eucalyptus delegatensis,1,27,15,233,,233
9,Eucalyptus dalrympleana,0,34,10,234,,234
9,Eucalyptus delegatensis,1,39,23,235,,235
9,Eucalyptus delegatensis,1,38,22,236,,236
9,Eucalyptus delegatensis,1,56,25,237,,237
9,Eucalyptus delegatensis,1,139,30,238,,238
9,Eucalyptus delegatensis,1,36,25,239,,239
9,Eucalyptus dalrympleana,0,29,15,240,,240
9,Eucalyptus dalrympleana,0,25,20,241,,241
9,Eucalyptus dalrympleana,0,131,30,242,,242
9,Eucalyptus dalrympleana,0,26,15,243,,243
9,Eucalyptus dalrympleana,0,49,22,244,,244
10,Eucalyptus delegatensis,1,71,35,245,,245
10,Eucalyptus delegatensis,1,51,25,246,,246
10,Eucalyptus radiata,0,23,16,247,,247
10,Eucalyptus delegatensis,1,10.5,8,248,,248
10,Acacia melanoxylon,0,12.5,5,249,,249
10,Eucalyptus radiata,0,65,18,250,,250
10,Eucalyptus delegatensis,1,36,20,251,,251
10,Eucalyptus radiata,0,14.5,6,252,,252
10,Eucalyptus radiata,0,15.5,6,253,,253
10,Eucalyptus radiata,0,14.5,6,254,,254
10,Eucalyptus delegatensis,1,25,20,255,,255
10,Eucalyptus radiata,0,13.5,6,256,,256
10,Eucalyptus dalrympleana,0,95,35,257,,257
10,Eucalyptus radiata,0,33,20,258,,258
10,Eucalyptus delegatensis,1,100,35,259,,259
10,Eucalyptus dalrympleana,0,77,30,260,,260
10,Eucalyptus radiata,0,15.5,10,261,,261
10,Eucalyptus radiata,0,65,20,262,,262
10,Eucalyptus dalrympleana,0,52,18,263,,263
10,Eucalyptus radiata,0,45,19,264,,264
10,Eucalyptus delegatensis,1,31,16,265,,265
10,Eucalyptus radiata,0,114,35,266,,266
10,Eucalyptus radiata,0,29,15,267,,267
10,Eucalyptus dalrympleana,0,86,18,268,damaged,268
10,Eucalyptus radiata,0,113,30,269,,269
10,Eucalyptus delegatensis,1,65,25,270,leaning,270
10,Eucalyptus delegatensis,1,43,20,271,,271
10,Eucalyptus delegatensis,1,86,30,272,,272
10,Eucalyptus delegatensis,1,68,25,273,,273
10,Eucalyptus delegatensis,1,14,9,274,,274
10,Eucalyptus delegatensis,1,57,25,275,,275
10,Eucalyptus dalrympleana,0,106,35,276,,276
11,Eucalyptus delegatensis,1,137,35,278,crown intact,277
11,Eucalyptus delegatensis,1,45,8,279,epicormic resprouts from 3m above ground. Trunk dead reaches about 15m,278
11,Eucalyptus radiata,0,18,5,281,resprouting,279
12,Eucalyptus dalrympleana,0,130,40,286,,280
12,Eucalyptus dalrympleana,0,165,35,287,,281
12,Eucalyptus dalrympleana,0,15,8,288,,282
12,Eucalyptus delegatensis,1,10,5,289,,283
12,Eucalyptus delegatensis,1,12,7,290,,284
12,Eucalyptus dalrympleana,0,124,30,291,,285
62,Eucalyptus dalrympleana,0,51,20,292,,286
62,Eucalyptus delegatensis,1,53,25,293,,287
62,Eucalyptus delegatensis,1,103,35,294,,288
62,Eucalyptus delegatensis,1,43,20,295,,289
62,Eucalyptus delegatensis,1,135,35,296,,290
62,Eucalyptus delegatensis,1,54,30,297,,291
62,Eucalyptus delegatensis,1,43,30,298,,292
62,Eucalyptus delegatensis,1,17,10,299,,293
62,Eucalyptus delegatensis,1,36,25,300,,294
62,Eucalyptus dalrympleana,0,13,9,301,,295
62,Eucalyptus delegatensis,1,25,20,302,,296
62,Eucalyptus delegatensis,1,59,30,303,,297
62,Eucalyptus dalrympleana,0,15,5,304,,298
62,Eucalyptus dalrympleana,0,78,35,305,,299
62,Eucalyptus delegatensis,1,40,25,306,,300
62,Eucalyptus delegatensis,1,99,35,307,,301
62,Eucalyptus delegatensis,1,133.5,35,308,,302
62,Eucalyptus delegatensis,1,118,35,309,,303
62,Eucalyptus delegatensis,1,125,35,310,,304
14,Eucalyptus delegatensis,1,13,7,311,,305
14,Eucalyptus delegatensis,1,61,9,312,,306
14,Eucalyptus delegatensis,1,72,10,313,,307
14,Eucalyptus delegatensis,1,65,12,314,,308
15,Eucalyptus dalrympleana,0,65,30,315,,309
18,Eucalyptus dalrympleana,0,10,6,317,basal resprout,310
18,Eucalyptus dalrympleana,0,12,6,318,basal resprout,311
18,Eucalyptus dalrympleana,0,10,5,319,,312
18,Eucalyptus dalrympleana,0,20,8,320,,313
18,Eucalyptus dalrympleana,0,23,9,321,,314
18,Eucalyptus dalrympleana,0,11,6,322,,315
19,Eucalyptus delegatensis,1,34,14,323,twin leaders?,316
19,Eucalyptus delegatensis,1,36,13,324,twin leaders?,317
19,Eucalyptus dalrympleana,0,10,6,325,,318
19,Eucalyptus dalrympleana,0,10,6,326,,319
19,Eucalyptus dalrympleana,0,12.5,6,327,,320
19,Eucalyptus dalrympleana,0,15,7,328,,321
20,Eucalyptus dalrympleana,0,114,25,329,"top dead, basal resprouts",322
21,Eucalyptus delegatensis,1,149,26,330,,323
21,Eucalyptus delegatensis,1,34,21,331,,324
21,Eucalyptus delegatensis,1,33.5,23,332,,325
21,Eucalyptus delegatensis,1,60,26,333,,326
21,Eucalyptus delegatensis,1,79.5,28,334,,327
21,Eucalyptus delegatensis,1,72,26,335,,328
21,Eucalyptus delegatensis,1,71,28,336,,329
21,Eucalyptus delegatensis,1,52,26,337,,330
21,Eucalyptus delegatensis,1,43.5,23,338,,331
21,Eucalyptus delegatensis,1,75,21,339,,332
21,Eucalyptus delegatensis,1,50,26,340,,333
21,Eucalyptus delegatensis,1,47,25,341,,334
21,Eucalyptus delegatensis,1,66.5,23,342,,335
21,Eucalyptus delegatensis,1,43,21,343,,336
21,Eucalyptus delegatensis,1,42.5,21,344,,337
21,Eucalyptus delegatensis,1,33,22,345,,338
21,Eucalyptus delegatensis,1,43,23,346,,339
21,Eucalyptus delegatensis,1,69,26,347,,340
21,Eucalyptus delegatensis,1,33.5,23,348,,341
21,Eucalyptus delegatensis,1,58.5,28,349,,342
21,Eucalyptus delegatensis,1,57,23,350,,343
21,Eucalyptus delegatensis,1,61.5,23,351,,344
21,Eucalyptus delegatensis,1,30.5,18,352,,345
21,Eucalyptus delegatensis,1,33,18,353,,346
21,Eucalyptus delegatensis,1,47,22,354,,347
22,Eucalyptus delegatensis,1,117,35,355,,348
22,Eucalyptus delegatensis,1,84,28,356,,349
22,Eucalyptus delegatensis,1,136,32,357,,350
22,Eucalyptus delegatensis,1,23,11,358,,351
22,Eucalyptus delegatensis,1,52,28,359,,352
22,Eucalyptus dalrympleana,0,83,27,360,,353
22,Eucalyptus pauciflora,0,33,15,362,,354
22,Eucalyptus pauciflora,0,21.5,16,363,"top dead, basal resprout",355
23,Eucalyptus delegatensis,1,95,35,364,,356
23,Eucalyptus delegatensis,1,43,25,365,,357
23,Eucalyptus delegatensis,1,111,35,366,,358
23,Eucalyptus dalrympleana,0,53,25,367,,359
23,Eucalyptus delegatensis,1,31.5,20,368,,360
23,Eucalyptus delegatensis,1,17,10,369,,361
23,Eucalyptus delegatensis,1,20,10,370,,362
23,Eucalyptus delegatensis,1,89,,371,,363
23,Eucalyptus delegatensis,1,20,12,372,,364
23,Eucalyptus delegatensis,1,16,10,373,,365
23,Eucalyptus delegatensis,1,118,35,374,fire scar at base,366
23,Eucalyptus dalrympleana,0,17,6,375,,367
23,Eucalyptus dalrympleana,0,14,6,376,,368
23,Acacia melanoxylon,0,31.5,11,377,,369
23,Eucalyptus delegatensis,1,30,25,378,,370
23,Eucalyptus delegatensis,1,32,20,379,,371
23,Eucalyptus delegatensis,1,47,25,380,,372
23,Eucalyptus pauciflora,0,19,10,381,,373
23,Eucalyptus pauciflora,0,11,8,382,,374
23,Eucalyptus delegatensis,1,36,22,383,,375
23,Eucalyptus pauciflora,0,12.5,10,384,,376
23,Eucalyptus pauciflora,0,13,10,385,,377
23,Eucalyptus pauciflora,0,16,8,386,,378
23,Eucalyptus delegatensis,1,28,15,387,,379
23,Eucalyptus delegatensis,1,26,12,388,,380
23,Eucalyptus delegatensis,1,22,15,389,,381
23,Eucalyptus delegatensis,1,38,20,390,,382
23,Acacia melanoxylon,0,22,8,391,,383
23,Eucalyptus delegatensis,1,97,35,392,,384
24,Eucalyptus delegatensis,1,74,25,393,,385
24,Eucalyptus pauciflora,0,11,10,394,,386
24,Eucalyptus pauciflora,0,11,8,395,,387
24,Eucalyptus pauciflora,0,10,7,396,,388
24,Eucalyptus pauciflora,0,11,7,397,,389
24,Eucalyptus pauciflora,0,15,10,398,,390
24,Eucalyptus pauciflora,0,16,9,399,,391
24,Eucalyptus pauciflora,0,24,11,400,,392
24,Eucalyptus pauciflora,0,17,7,401,,393
24,Eucalyptus pauciflora,0,13,5,402,,394
24,Eucalyptus pauciflora,0,12,10,403,,395
24,Eucalyptus pauciflora,0,18,11,404,,396
24,Eucalyptus pauciflora,0,10,6,405,,397
24,Eucalyptus pauciflora,0,11,7,406,,398
24,Eucalyptus pauciflora,0,14,11,407,,399
24,Eucalyptus pauciflora,0,13.5,10,408,,400
24,Eucalyptus pauciflora,0,30,12,409,,401
24,Eucalyptus dalrympleana,0,128,28,410,,402
25,Eucalyptus delegatensis,1,70,30,411,,403
25,Eucalyptus delegatensis,1,107,30,412,twin leaders,404
25,Eucalyptus delegatensis,1,52,18,413,twin leaders,405
25,Eucalyptus delegatensis,1,77,30,414,,406
25,Eucalyptus delegatensis,1,109.5,33,415,,407
25,Eucalyptus delegatensis,1,78,31,416,,408
25,Eucalyptus delegatensis,1,94,31,417,twin leaders,409
25,Eucalyptus delegatensis,1,85,32,418,twin leaders,410
29,Eucalyptus delegatensis,1,75,33,419,,411
29,Eucalyptus delegatensis,1,108,31,420,,412
29,Eucalyptus delegatensis,1,51.5,29,421,,413
29,Eucalyptus delegatensis,1,89,33,422,,414
29,Eucalyptus delegatensis,1,112,30,423,,415
29,Eucalyptus delegatensis,1,75,29,424,,416
29,Eucalyptus dalrympleana,0,74,20,425,,417
29,Eucalyptus dalrympleana,0,41,23,430,twin leaders,418
29,Eucalyptus dalrympleana,0,47.5,22,431,twin leaders,419
29,Eucalyptus dalrympleana,0,31,21,432,,420
30,Eucalyptus dalrympleana,0,64,20,433,,421
30,Eucalyptus dalrympleana,0,86,25,434,,422
30,Eucalyptus dalrympleana,0,27.5,10,435,,423
30,Eucalyptus dalrympleana,0,34.5,13,436,twin leaders,424
30,Eucalyptus dalrympleana,0,28.5,9,437,twin leaders,425
31,Eucalyptus delegatensis,1,21.5,16,438,,426
31,Eucalyptus delegatensis,1,19,15,439,,427
31,Eucalyptus delegatensis,1,22,18,440,,428
31,Eucalyptus delegatensis,1,26,17,441,,429
31,Eucalyptus delegatensis,1,62,28,442,,430
31,Eucalyptus delegatensis,1,39,20,443,,431
31,Eucalyptus delegatensis,1,40,22,444,,432
31,Eucalyptus delegatensis,1,19,15,445,,433
31,Eucalyptus dalrympleana,0,88,27,446,,434
31,Eucalyptus dalrympleana,0,73,29,447,,435
31,Eucalyptus dalrympleana,0,76,27,448,,436
31,Eucalyptus dalrympleana,0,26,10,449,"mostly dead, resprouting from base",437
31,Eucalyptus dalrympleana,0,68,20,450,,438
32,Eucalyptus delegatensis,1,88,29,451,,439
32,Eucalyptus delegatensis,1,88,38,452,,440
32,Eucalyptus delegatensis,1,54.5,35,453,,441
32,Eucalyptus delegatensis,1,29,18,454,,442
32,Eucalyptus delegatensis,1,49.5,30,455,,443
32,Eucalyptus delegatensis,1,83,38,456,,444
32,Eucalyptus delegatensis,1,112,40,457,,445
32,Eucalyptus delegatensis,1,104,38,458,,446
32,Eucalyptus delegatensis,1,109.5,39,459,,447
33,Eucalyptus dalrympleana,0,48,18,460,,448
33,Eucalyptus dalrympleana,0,25.5,12,461,,449
33,Eucalyptus dalrympleana,0,13,9,462,,450
33,Eucalyptus dalrympleana,0,10,7,463,,451
33,Eucalyptus dalrympleana,0,10,7,464,,452
33,Eucalyptus dalrympleana,0,12,9,465,,453
33,Eucalyptus dalrympleana,0,13,6,466,,454
33,Eucalyptus dalrympleana,0,20,12,467,,455
33,Eucalyptus dalrympleana,0,18,11,468,,456
33,Eucalyptus dalrympleana,0,13.5,6,469,,457
33,Eucalyptus dalrympleana,0,88,32,470,,458
33,Eucalyptus delegatensis,1,65,32,471,,459
33,Eucalyptus delegatensis,1,33,27,472,,460
33,Eucalyptus delegatensis,1,24,13,473,,461
33,Eucalyptus delegatensis,1,16,12,474,,462
33,Eucalyptus delegatensis,1,21,13,475,,463
33,Eucalyptus delegatensis,1,13.5,8,476,,464
33,Eucalyptus delegatensis,1,16,11,477,,465
33,Eucalyptus delegatensis,1,107,35,478,,466
33,Eucalyptus delegatensis,1,18,13,479,,467
33,Eucalyptus delegatensis,1,13.5,10,480,,468
33,Eucalyptus delegatensis,1,11,6,481,,469
33,Eucalyptus delegatensis,1,20,10,482,,470
33,Eucalyptus delegatensis,1,24,10,483,,471
33,Eucalyptus delegatensis,1,12,9,484,,472
33,Eucalyptus pauciflora,0,13.5,11,485,,473
33,Eucalyptus pauciflora,0,10.5,7,486,,474
33,Eucalyptus pauciflora,0,26,6,487,,475
33,Eucalyptus pauciflora,0,12,2,488,,476
34,Eucalyptus dalrympleana,0,72,30,489,,477
34,Eucalyptus delegatensis,1,142,35,490,,478
34,Eucalyptus delegatensis,1,140,35,491,,479
34,Eucalyptus delegatensis,1,16,12,492,,480
34,Eucalyptus delegatensis,1,29,18,493,,481
34,Eucalyptus delegatensis,1,13,15,494,,482
34,Eucalyptus delegatensis,1,16,15,495,,483
34,Eucalyptus dalrympleana,0,30,10,496,,484
34,Eucalyptus dalrympleana,0,30,12,497,,485
34,Eucalyptus dalrympleana,0,18,12,498,,486
34,Eucalyptus dalrympleana,0,48,20,499,,487
34,Eucalyptus dalrympleana,0,15,4,500,,488
34,Eucalyptus dalrympleana,0,35,19,501,,489
34,Eucalyptus dalrympleana,0,64,25,502,,490
34,Eucalyptus dalrympleana,0,69,25,503,,491
34,Eucalyptus delegatensis,1,46,25,504,,492
34,Eucalyptus delegatensis,1,81.5,35,505,,493
34,Eucalyptus delegatensis,1,34,14,506,,494
34,Eucalyptus delegatensis,1,19,10,507,,495
34,Eucalyptus dalrympleana,0,17,10,508,,496
34,Eucalyptus delegatensis,1,14,7,509,,497
34,Eucalyptus delegatensis,1,24,15,510,,498
34,Eucalyptus delegatensis,1,20,12,511,,499
34,Eucalyptus delegatensis,1,28,14,512,,500
34,Eucalyptus delegatensis,1,22,14,513,,501
34,Eucalyptus delegatensis,1,19,14,514,,502
34,Eucalyptus pauciflora,0,15,8,515,leaning,503
34,Eucalyptus delegatensis,1,26,15,516,,504
35,Eucalyptus delegatensis,1,57,30,517,,505
35,Eucalyptus delegatensis,1,50.5,20,518,,506
35,Eucalyptus radiata,0,14,6,519,,507
35,Eucalyptus radiata,0,22,18,520,,508
35,Eucalyptus delegatensis,1,82,30,521,,509
35,Eucalyptus radiata,0,94,25,522,,510
35,Eucalyptus radiata,0,82,25,523,,511
35,Eucalyptus radiata,0,19,10,524,,512
35,Eucalyptus radiata,0,20,12,525,,513
35,Eucalyptus radiata,0,14,6,526,,514
35,Eucalyptus radiata,0,13,6,527,,515
35,Eucalyptus radiata,0,25,18,528,,516
35,Eucalyptus radiata,0,10.5,2,529,resprouting/epi,517
35,Eucalyptus radiata,0,49,25,530,,518
35,Eucalyptus delegatensis,1,56,25,531,,519
35,Eucalyptus radiata,0,41,30,532,,520
35,Eucalyptus radiata,0,25,17,533,,521
35,Eucalyptus radiata,0,29,20,534,,522
35,Eucalyptus delegatensis,1,32,20,535,,523
35,Eucalyptus delegatensis,1,49,25,536,,524
35,Eucalyptus delegatensis,1,113,25,537,,525
35,Eucalyptus radiata,0,24,18,538,,526
35,Eucalyptus delegatensis,1,69,30,539,,527
35,Eucalyptus delegatensis,1,72,25,540,,528
35,Eucalyptus radiata,0,64,24,541,,529
35,Eucalyptus radiata,0,24,15,542,,530
35,Eucalyptus radiata,0,50,22,543,,531
35,Eucalyptus delegatensis,1,49.5,22,544,,532
35,Eucalyptus radiata,0,39,20,545,,533
35,Eucalyptus radiata,0,58,17,546,twin trunks measured below join,534
36,Eucalyptus dalrympleana,0,43,14,547,resprouts,535
36,Eucalyptus viminalis,0,48,18,548,resprouts,536
36,Eucalyptus dalrympleana,0,31,18,549,resprouts,537
36,Eucalyptus viminalis,0,31,17,550,resprouts,538
36,Eucalyptus dalrympleana,0,33,20,551,resprouts,539
36,Eucalyptus dalrympleana,0,14.5,5,552,resprouts,540
36,Eucalyptus dalrympleana,0,45,15,553,,541
37,Eucalyptus dalrympleana,0,15.5,12,556,resprouts,542
37,Eucalyptus dalrympleana,0,25,12,557,resprouts,543
37,Eucalyptus dalrympleana,0,25,12,558,resprouts,544
37,Eucalyptus dalrympleana,0,69,30,559,resprouts,545
37,Eucalyptus dalrympleana,0,19.5,12,560,resprout,546
39,Eucalyptus dalrympleana,0,59,7,561,resprouts,547
39,Eucalyptus dalrympleana,0,65,20,562,,548
39,Eucalyptus dalrympleana,0,12,5,563,,549
40,Eucalyptus delegatensis,1,37,17,565,,550
40,Eucalyptus delegatensis,1,28,16,566,,551
40,Eucalyptus delegatensis,1,53,20,567,,552
40,Eucalyptus dalrympleana,0,124,26,568,,553
40,Eucalyptus dalrympleana,0,131,30,569,,554
40,Eucalyptus dalrympleana,0,53,20,570,,555
40,Eucalyptus dalrympleana,0,73,35,571,,556
40,Eucalyptus radiata,0,69,16,572,,557
41,Eucalyptus radiata,0,50,18,573,,558
41,Eucalyptus delegatensis,1,56,28,574,,559
41,Eucalyptus delegatensis,1,62.5,28,575,,560
41,Eucalyptus delegatensis,1,57,29,576,,561
41,Eucalyptus dalrympleana,0,19,6,577,resprouts,562
41,Eucalyptus delegatensis,1,70,29,578,,563
41,Eucalyptus delegatensis,1,63.5,30,579,,564
41,Eucalyptus delegatensis,1,71,30,580,,565
41,Eucalyptus delegatensis,1,40,27,581,,566
41,Eucalyptus delegatensis,1,37,26,582,,567
41,Eucalyptus delegatensis,1,46,28,583,,568
41,Eucalyptus delegatensis,1,43,27,584,,569
41,Eucalyptus radiata,0,39,16,585,,570
41,Eucalyptus dalrympleana,0,23.5,6,586,resprout,571
41,Eucalyptus radiata,0,59,19,587,,572
41,Eucalyptus radiata,0,30,14,588,,573
41,Eucalyptus delegatensis,1,51,20,589,,574
41,Eucalyptus dalrympleana,0,70,21,590,,575
41,Eucalyptus delegatensis,1,62.5,25,591,,576
41,Eucalyptus dalrympleana,0,64,21,592,,577
42,Eucalyptus delegatensis,1,71,20,593,,578
42,Eucalyptus delegatensis,1,47,12,594,,579
42,Eucalyptus delegatensis,1,82.5,23,595,,580
42,Eucalyptus delegatensis,1,58,15,596,,581
43,Eucalyptus delegatensis,1,87.5,35,597,,582
43,Eucalyptus delegatensis,1,99,35,598,,583
43,Eucalyptus delegatensis,1,86,30,599,,584
43,Eucalyptus delegatensis,1,69,27,600,,585
44,Eucalyptus delegatensis,1,57,30,601,,586
44,Eucalyptus delegatensis,1,,32,602,,587
44,Eucalyptus delegatensis,1,73,35,603,,588
44,Eucalyptus delegatensis,1,53,27,604,,589
44,Eucalyptus delegatensis,1,124,28,605,,590
44,Eucalyptus delegatensis,1,71,35,606,,591
44,Eucalyptus delegatensis,1,66,32,607,,592
44,Eucalyptus delegatensis,1,33,25,608,,593
45,Eucalyptus delegatensis,1,39,20,609,,594
45,Eucalyptus delegatensis,1,59,23,610,,595
45,Eucalyptus delegatensis,1,47.5,20,611,,596
45,Eucalyptus delegatensis,1,75,28,612,,597
45,Eucalyptus delegatensis,1,59,25,613,,598
45,Eucalyptus delegatensis,1,46,15,614,,599
45,Eucalyptus delegatensis,1,81,30,615,,600
45,Eucalyptus delegatensis,1,31,22,616,,601
45,Eucalyptus delegatensis,1,51.5,28,617,,602
45,Eucalyptus delegatensis,1,81.5,25,618,,603
45,Eucalyptus delegatensis,1,32.5,15,619,,604
45,Eucalyptus delegatensis,1,42.5,20,620,,605
45,Eucalyptus delegatensis,1,51,18,621,,606
45,Eucalyptus delegatensis,1,66.5,35,622,,607
45,Eucalyptus delegatensis,1,56,30,623,,608
45,Eucalyptus delegatensis,1,45.5,28,624,,609
45,Eucalyptus delegatensis,1,20,10,625,,610
45,Eucalyptus delegatensis,1,70,26,626,,611
45,Eucalyptus delegatensis,1,153,28,627,,612
46,Eucalyptus delegatensis,1,45,30,628,part of crown dead - 1 epicormic shoot- on edge of unburnt trees. Remaining E.delagatensis of  similar size but dead. Sampling regrowth of E.d vigorous - although less dense than site 20.,613
47,Eucalyptus delegatensis,1,35.5,21,629,,614
47,Eucalyptus delegatensis,1,26.5,20,630,,615
47,Eucalyptus delegatensis,1,61,26,631,,616
47,Eucalyptus delegatensis,1,31,18,632,,617
47,Eucalyptus delegatensis,1,29.5,25,633,,618
47,Eucalyptus delegatensis,1,42,24,634,,619
47,Eucalyptus delegatensis,1,41,23,635,,620
47,Eucalyptus delegatensis,1,26,20,636,,621
47,Eucalyptus delegatensis,1,45,20,637,,622
47,Eucalyptus delegatensis,1,33.5,20,638,,623
47,Eucalyptus delegatensis,1,27,18,639,,624
47,Eucalyptus delegatensis,1,58.5,22,640,,625
47,Eucalyptus delegatensis,1,51,23,641,,626
47,Eucalyptus delegatensis,1,44,24,642,,627
47,Eucalyptus delegatensis,1,36,14,643,,628
47,Eucalyptus delegatensis,1,33.5,22,644,,629
47,Eucalyptus delegatensis,1,41,17,645,,630
47,Eucalyptus delegatensis,1,47,22,646,,631
47,Eucalyptus delegatensis,1,77.5,23,647,,632
47,Eucalyptus delegatensis,1,36.5,21,648,,633
47,Eucalyptus delegatensis,1,35.5,19,649,,634
47,Eucalyptus delegatensis,1,26,10,650,,635
47,Eucalyptus delegatensis,1,43.5,20,651,,636
47,Eucalyptus delegatensis,1,54,20,652,,637
47,Eucalyptus delegatensis,1,37.5,20,653,,638
47,Eucalyptus delegatensis,1,44,21,654,,639
47,Eucalyptus delegatensis,1,35,20,655,,640
47,Eucalyptus delegatensis,1,60,22,656,,641
48,Eucalyptus delegatensis,1,34,12,657,,642
48,Eucalyptus delegatensis,1,35.5,12,658,,643
48,Eucalyptus delegatensis,1,21,10,659,,644
48,Eucalyptus delegatensis,1,34,16,660,,645
48,Eucalyptus delegatensis,1,30,15,661,,646
48,Eucalyptus delegatensis,1,21,14,662,,647
48,Eucalyptus delegatensis,1,20,11,663,,648
48,Eucalyptus delegatensis,1,51,12,664,,649
48,Eucalyptus delegatensis,1,20,8,665,,650
48,Eucalyptus delegatensis,1,20,9,666,,651
48,Eucalyptus delegatensis,1,27,11,667,,652
48,Eucalyptus delegatensis,1,24,11,668,,653
48,Eucalyptus delegatensis,1,31,14,669,,654
48,Eucalyptus delegatensis,1,34,15,670,,655
48,Eucalyptus delegatensis,1,25,13,671,,656
49,Eucalyptus delegatensis,1,49,26,672,,657
49,Eucalyptus delegatensis,1,33,25,673,,658
49,Eucalyptus delegatensis,1,31.5,26,674,,659
49,Eucalyptus delegatensis,1,37.5,27,675,,660
49,Eucalyptus delegatensis,1,31,27,676,,661
49,Eucalyptus delegatensis,1,30,23,677,,662
49,Eucalyptus delegatensis,1,34,24,678,,663
49,Eucalyptus delegatensis,1,44.5,25,679,,664
49,Eucalyptus delegatensis,1,27,23,680,,665
49,Eucalyptus delegatensis,1,52,26,681,,666
49,Eucalyptus delegatensis,1,40,25,682,,667
49,Eucalyptus delegatensis,1,31.5,20,683,,668
49,Eucalyptus delegatensis,1,29,23,684,,669
49,Eucalyptus delegatensis,1,25,18,685,,670
49,Eucalyptus delegatensis,1,29.5,20,686,,671
49,Eucalyptus delegatensis,1,44,20,687,,672
49,Eucalyptus delegatensis,1,36,22,688,,673
49,Eucalyptus delegatensis,1,23,21,689,,674
49,Eucalyptus delegatensis,1,50,26,690,,675
49,Eucalyptus delegatensis,1,25,25,691,,676
49,Eucalyptus dalrympleana,0,22.5,12,692,,677
49,Eucalyptus delegatensis,1,45,28,693,,678
49,Eucalyptus delegatensis,1,36.5,28,694,,679
49,Eucalyptus delegatensis,1,23,24,695,,680
49,Eucalyptus delegatensis,1,35.5,28,696,,681
49,Eucalyptus delegatensis,1,40,27,697,,682
49,Eucalyptus delegatensis,1,18,20,698,,683
49,Eucalyptus delegatensis,1,27,21,699,,684
49,Eucalyptus delegatensis,1,28,23,700,,685
50,Eucalyptus delegatensis,1,144,39,701,,686
50,Eucalyptus delegatensis,1,92,30,702,,687
50,Eucalyptus delegatensis,1,34.5,20,703,,688
50,Eucalyptus delegatensis,1,59.5,30,704,,689
50,Eucalyptus delegatensis,1,116.5,36,705,,690
50,Eucalyptus delegatensis,1,44.5,31,706,,691
50,Eucalyptus delegatensis,1,45.5,12,707,,692
50,Eucalyptus delegatensis,1,26.5,28,708,,693
50,Eucalyptus delegatensis,1,148.5,34,709,,694
50,Eucalyptus delegatensis,1,54,32,710,,695
50,Eucalyptus delegatensis,1,33.5,26,711,,696
52,Eucalyptus delegatensis,1,55.5,30,712,,697
52,Eucalyptus dalrympleana,0,15.5,7,713,,698
52,Eucalyptus delegatensis,1,43,30,714,,699
52,Eucalyptus delegatensis,1,40,30,715,,700
52,Eucalyptus dalrympleana,0,11,6,716,,701
52,Eucalyptus dalrympleana,0,11,4,717,,702
52,Eucalyptus delegatensis,1,76,35,718,,703
52,Eucalyptus dalrympleana,0,12,3,719,,704
52,Eucalyptus dalrympleana,0,13,5,720,,705
52,Eucalyptus delegatensis,1,74,35,721,,706
52,Eucalyptus delegatensis,1,63,35,722,,707
52,Eucalyptus dalrympleana,0,19,6,723,,708
52,Eucalyptus delegatensis,1,136,35,724,,709
52,Eucalyptus dalrympleana,0,22.5,15,725,,710
52,Eucalyptus dalrympleana,0,17,12,726,,711
52,Eucalyptus delegatensis,1,33,16,727,,712
52,Eucalyptus dalrympleana,0,21,16,728,,713
52,Eucalyptus pauciflora,0,10,5,729,,714
52,Eucalyptus delegatensis,1,81,35,730,,715
52,Eucalyptus pauciflora,0,11,3,731,,716
52,Eucalyptus pauciflora,0,12,5,732,,717
52,Eucalyptus pauciflora,0,17.5,3,733,top dead,718
52,Eucalyptus dalrympleana,0,10.5,7,734,,719
52,Eucalyptus pauciflora,0,26,15,735,,720
52,Eucalyptus pauciflora,0,12,5,736,,721
52,Eucalyptus pauciflora,0,15,4,737,,722
52,Eucalyptus pauciflora,0,25,20,738,,723
52,Eucalyptus delegatensis,1,23,16,739,,724
52,Eucalyptus dalrympleana,0,14,8,740,,725
52,Eucalyptus pauciflora,0,28,20,741,,726
52,Eucalyptus dalrympleana,0,11,6,742,,727
52,Eucalyptus dalrympleana,0,16,12,743,,728
52,Eucalyptus dalrympleana,0,14,6,744,,729
52,Eucalyptus delegatensis,1,35,20,745,,730
52,Eucalyptus dalrympleana,0,10.5,8,746,,731
52,Eucalyptus pauciflora,0,26,18,747,,732
52,Eucalyptus delegatensis,1,41,25,748,,733
52,Eucalyptus dalrympleana,0,95,30,749,,734
52,Eucalyptus dalrympleana,0,80,30,750,,735
52,Eucalyptus delegatensis,1,35,20,751,,736
52,Eucalyptus pauciflora,0,18,6,752,,737
52,Eucalyptus pauciflora,0,32,20,753,,738
52,Eucalyptus dalrympleana,0,17,12,754,,739
52,Eucalyptus pauciflora,0,27,15,755,,740
52,Eucalyptus dalrympleana,0,14,7,756,,741
52,Eucalyptus dalrympleana,0,10,7,757,,742
52,Eucalyptus dalrympleana,0,13,10,758,,743
52,Eucalyptus dalrympleana,0,10,2,759,,744
52,Eucalyptus pauciflora,0,13,6,760,,745
52,Eucalyptus dalrympleana,0,15,6,761,,746
52,Eucalyptus delegatensis,1,69,30,762,,747
53,Eucalyptus delegatensis,1,51,25,763,,748
53,Eucalyptus delegatensis,1,43,25,764,,749
53,Eucalyptus delegatensis,1,59,25,765,,750
53,Eucalyptus delegatensis,1,54,25,766,,751
53,Eucalyptus delegatensis,1,33,25,767,,752
53,Eucalyptus delegatensis,1,25,20,768,,753
53,Eucalyptus delegatensis,1,19,12,769,,754
53,Eucalyptus delegatensis,1,31.5,20,770,,755
53,Acacia melanoxylon,0,18,7,771,,756
53,Eucalyptus delegatensis,1,30,20,772,,757
53,Acacia melanoxylon,0,34.5,10,773,,758
53,Eucalyptus delegatensis,1,58,30,774,,759
53,Eucalyptus pauciflora,0,16,16,775,,760
53,Eucalyptus delegatensis,1,44,25,776,,761
53,Acacia melanoxylon,0,31,8,777,,762
53,Eucalyptus delegatensis,1,56,30,778,,763
53,Eucalyptus pauciflora,0,11,7,779,,764
53,Eucalyptus pauciflora,0,12,9,780,,765
53,Eucalyptus delegatensis,1,69,30,781,,766
53,Eucalyptus delegatensis,1,50,25,782,,767
53,Eucalyptus pauciflora,0,11,10,783,,768
53,Eucalyptus delegatensis,1,37,20,784,,769
53,Eucalyptus delegatensis,1,69,30,785,,770
53,Eucalyptus pauciflora,0,54,19,786,,771
53,Acacia melanoxylon,0,10,5,787,,772
53,Acacia melanoxylon,0,10,4,788,,773
53,Eucalyptus pauciflora,0,42,10,789,,774
53,Acacia melanoxylon,0,11,6,790,,775
53,Eucalyptus delegatensis,1,160,35,791,,776
53,Acacia melanoxylon,0,15,7,792,,777
53,Eucalyptus delegatensis,1,26,15,793,,778
53,Acacia melanoxylon,0,19,8,794,,779
53,Eucalyptus pauciflora,0,72,16,795,twin leaders measured below join,780
53,Eucalyptus pauciflora,0,15,10,796,,781
53,Eucalyptus dalrympleana,0,104,35,797,,782
53,Eucalyptus delegatensis,1,65,30,798,,783
53,Eucalyptus dalrympleana,0,13,15,799,,784
53,Eucalyptus pauciflora,0,11,4,800,broke off,785
53,Acacia melanoxylon,0,21,11,801,,786
53,Acacia melanoxylon,0,30,11,802,,787
53,Eucalyptus delegatensis,1,31,18,803,,788
53,Eucalyptus delegatensis,1,26,12,804,,789
53,Eucalyptus delegatensis,1,84,35,805,,790
53,Eucalyptus delegatensis,1,27,18,806,,791
53,Eucalyptus dalrympleana,0,10,4,807,,792
54,Eucalyptus dalrympleana,0,22,6,808,,793
54,Eucalyptus delegatensis,1,69,25,809,,794
54,Eucalyptus dalrympleana,0,49,20,810,,795
54,Eucalyptus delegatensis,1,32,18,811,,796
54,Eucalyptus delegatensis,1,28.5,14,812,,797
54,Eucalyptus delegatensis,1,22,14,813,,798
54,Eucalyptus delegatensis,1,71.5,25,814,,799
54,Eucalyptus dalrympleana,0,35,18,815,,800
54,Eucalyptus pauciflora,0,14.5,10,816,,801
54,Eucalyptus delegatensis,1,14,10,817,,802
54,Eucalyptus delegatensis,1,16,12,818,,803
54,Eucalyptus dalrympleana,0,14,10,819,,804
54,Eucalyptus pauciflora,0,12,10,820,,805
54,Eucalyptus dalrympleana,0,11,8,821,,806
54,Eucalyptus delegatensis,1,20.5,16,822,,807
54,Eucalyptus delegatensis,1,21.5,15,823,,808
54,Eucalyptus dalrympleana,0,78,25,824,,809
54,Eucalyptus dalrympleana,0,73,25,825,,810
54,Eucalyptus pauciflora,0,18,10,826,,811
54,Eucalyptus pauciflora,0,14,10,827,,812
54,Eucalyptus delegatensis,1,78,25,828,,813
54,Eucalyptus dalrympleana,0,25.5,12,829,,814
54,Eucalyptus dalrympleana,0,11,6,830,,815
54,Eucalyptus dalrympleana,0,10.5,8,831,,816
54,Eucalyptus delegatensis,1,62,25,832,,817
54,Eucalyptus delegatensis,1,54,20,833,,818
54,Eucalyptus dalrympleana,0,12,7,834,,819
54,Eucalyptus pauciflora,0,19,12,835,,820
54,Eucalyptus delegatensis,1,66,25,836,,821
54,Eucalyptus dalrympleana,0,13,5,837,,822
54,Eucalyptus delegatensis,1,57,20,838,,823
54,Eucalyptus delegatensis,1,81,30,839,,824
54,Eucalyptus delegatensis,1,28,14,840,,825
54,Eucalyptus delegatensis,1,39,20,841,,826
54,Eucalyptus delegatensis,1,12,5,842,,827
54,Eucalyptus delegatensis,1,107,30,843,,828
55,Eucalyptus dalrympleana,0,79,30,844,,829
55,Eucalyptus delegatensis,1,59,30,845,,830
55,Eucalyptus pauciflora,0,11,6,846,,831
55,Eucalyptus delegatensis,1,55,30,847,,832
55,Eucalyptus dalrympleana,0,15,8,848,,833
55,Eucalyptus delegatensis,1,13,10,849,,834
55,Eucalyptus delegatensis,1,34,18,850,twin leaders??,835
55,Eucalyptus delegatensis,1,80,35,851,twin leaders??,836
55,Eucalyptus delegatensis,1,21,15,852,,837
55,Eucalyptus delegatensis,1,22,14,853,,838
55,Eucalyptus delegatensis,1,38,20,854,,839
55,Eucalyptus pauciflora,0,15,9,855,,840
55,Eucalyptus delegatensis,1,29,20,856,,841
55,Eucalyptus delegatensis,1,41,25,857,,842
55,Eucalyptus pauciflora,0,12,6,858,,843
55,Eucalyptus delegatensis,1,63,30,859,,844
55,Eucalyptus delegatensis,1,62,35,860,,845
55,Eucalyptus delegatensis,1,43,25,861,,846
55,Eucalyptus delegatensis,1,15,9,862,,847
55,Eucalyptus delegatensis,1,43,25,863,,848
55,Eucalyptus delegatensis,1,76,27,864,,849
55,Eucalyptus delegatensis,1,57,25,865,,850
55,Eucalyptus dalrympleana,0,151,35,866,,851
55,Eucalyptus delegatensis,1,91,30,867,,852
55,Eucalyptus pauciflora,0,10,5,868,,853
55,Eucalyptus delegatensis,1,13,11,869,,854
55,Eucalyptus delegatensis,1,36,18,870,,855
55,Eucalyptus pauciflora,0,11,6,871,,856
55,Eucalyptus dalrympleana,0,18,8,872,,857
55,Eucalyptus dalrympleana,0,17,12,873,,858
55,Eucalyptus dalrympleana,0,21,0,874,,859
55,Eucalyptus dalrympleana,0,33,18,875,,860
55,Eucalyptus dalrympleana,0,29,12,876,,861
55,Eucalyptus dalrympleana,0,25,12,877,,862
55,Eucalyptus dalrympleana,0,20,15,878,,863
55,Eucalyptus dalrympleana,0,19,8,879,,864
55,Eucalyptus delegatensis,1,93,30,880,,865
55,Eucalyptus delegatensis,1,63,28,881,,866
55,Eucalyptus delegatensis,1,30,12,882,,867
55,Eucalyptus delegatensis,1,69,35,883,,868
55,Eucalyptus delegatensis,1,31,15,884,,869
55,Eucalyptus delegatensis,1,33.5,18,885,,870
55,Eucalyptus delegatensis,1,70,35,886,,871
55,Eucalyptus delegatensis,1,42,22,887,,872
55,Eucalyptus pauciflora,0,34,12,888,,873
55,Eucalyptus pauciflora,0,53,22,889,,874
55,Eucalyptus pauciflora,0,11,6,890,,875
55,Eucalyptus delegatensis,1,33,18,891,,876
55,Eucalyptus pauciflora,0,12,8,892,twin leaders,877
55,Eucalyptus pauciflora,0,12,6,893,twin leaders,878
55,Eucalyptus pauciflora,0,13,6,894,,879
55,Eucalyptus pauciflora,0,17.5,8,895,,880
56,Eucalyptus delegatensis,1,98,35,896,,881
56,Eucalyptus delegatensis,1,32,18,897,,882
56,Eucalyptus delegatensis,1,74,25,898,,883
56,Eucalyptus delegatensis,1,68,30,899,,884
56,Eucalyptus delegatensis,1,86,30,900,,885
56,Eucalyptus delegatensis,1,63,30,901,,886
56,Eucalyptus delegatensis,1,68,35,902,,887
56,Eucalyptus dalrympleana,0,45,17,903,,888
56,Eucalyptus delegatensis,1,48,25,904,,889
56,Eucalyptus delegatensis,1,61,20,905,,890
56,Eucalyptus delegatensis,1,52,25,906,,891
56,Eucalyptus delegatensis,1,34,20,907,,892
56,Eucalyptus delegatensis,1,70,30,908,,893
56,Eucalyptus delegatensis,1,87,35,909,,894
56,Eucalyptus delegatensis,1,73,30,910,,895
56,Eucalyptus delegatensis,1,82,35,911,,896
56,Eucalyptus delegatensis,1,63,20,912,,897
56,Eucalyptus delegatensis,1,22,15,913,,898
56,Eucalyptus delegatensis,1,95,25,914,,899
56,Acacia melanoxylon,0,24,9,915,,900
56,Eucalyptus delegatensis,1,16,7,916,,901
56,Eucalyptus delegatensis,1,98,35,917,,902
56,Eucalyptus delegatensis,1,89,30,918,,903
56,Eucalyptus delegatensis,1,102,35,919,,904
56,Eucalyptus delegatensis,1,112,35,920,,905
57,Eucalyptus dalrympleana,0,34,12,921,,906
57,Eucalyptus delegatensis,1,24,14,922,,907
57,Eucalyptus dalrympleana,0,63,20,923,,908
57,Eucalyptus delegatensis,1,14,8,924,,909
57,Eucalyptus delegatensis,1,49,20,925,,910
57,Eucalyptus delegatensis,1,38.5,20,926,,911
57,Eucalyptus delegatensis,1,44,20,927,,912
57,Eucalyptus delegatensis,1,29,15,928,,913
57,Eucalyptus delegatensis,1,39,18,929,,914
57,Eucalyptus delegatensis,1,111,25,930,,915
57,Eucalyptus delegatensis,1,14,8,931,,916
57,Eucalyptus delegatensis,1,22,16,932,,917
57,Acacia melanoxylon,0,21,6,933,,918
57,Acacia melanoxylon,0,31,12,934,,919
57,Acacia melanoxylon,0,25,6,935,,920
57,Eucalyptus delegatensis,1,15,10,936,,921
57,Eucalyptus delegatensis,1,18,9,937,,922
57,Eucalyptus delegatensis,1,72.5,18,938,,923
57,Eucalyptus dalrympleana,0,121,30,939,,924
57,Eucalyptus delegatensis,1,102,30,940,,925
57,Eucalyptus delegatensis,1,93,30,941,,926
57,Eucalyptus dalrympleana,0,24,16,942,,927
57,Eucalyptus delegatensis,1,46,25,943,,928
57,Eucalyptus delegatensis,1,16,9,944,,929
58,Eucalyptus dalrympleana,0,71,15,945,top broken 15m above ground. Dead leaves on branch,930
58,Eucalyptus delegatensis,1,40,20,946,,931
58,Eucalyptus dalrympleana,0,10.5,8,947,,932
58,Eucalyptus dalrympleana,0,57,20,948,,933
58,Eucalyptus delegatensis,1,15,16,949,,934
58,Eucalyptus delegatensis,1,23,18,950,,935
58,Eucalyptus delegatensis,1,21,15,951,,936
58,Eucalyptus delegatensis,1,42,25,952,,937
58,Eucalyptus delegatensis,1,31,20,953,,938
58,Eucalyptus delegatensis,1,40,25,954,,939
58,Eucalyptus delegatensis,1,115,15,955,,940
58,Eucalyptus delegatensis,1,29,19,956,,941
58,Eucalyptus delegatensis,1,45,20,957,,942
58,Eucalyptus delegatensis,1,15,12,958,,943
58,Eucalyptus delegatensis,1,13,12,959,,944
58,Eucalyptus dalrympleana,0,104,25,960,,945
58,Eucalyptus delegatensis,1,14,10,961,,946
58,Eucalyptus delegatensis,1,23,18,962,,947
58,Eucalyptus delegatensis,1,45.5,20,963,,948
58,Eucalyptus delegatensis,1,15,10,964,,949
58,Eucalyptus delegatensis,1,25,20,965,,950
58,Eucalyptus delegatensis,1,31,20,966,,951
58,Eucalyptus delegatensis,1,21.5,18,967,,952
58,Eucalyptus delegatensis,1,134,30,968,,953
58,Eucalyptus delegatensis,1,23,18,969,,954
58,Eucalyptus delegatensis,1,11,8,970,,955
58,Eucalyptus pauciflora,0,10.5,7,971,,956
58,Eucalyptus delegatensis,1,37,20,972,,957
58,Eucalyptus delegatensis,1,35,20,973,,958
58,Eucalyptus delegatensis,1,31,20,974,,959
58,Eucalyptus delegatensis,1,27,20,975,,960
58,Eucalyptus delegatensis,1,30,18,976,,961
58,Eucalyptus delegatensis,1,32,20,977,,962
58,Eucalyptus delegatensis,1,28,20,978,,963
58,Eucalyptus delegatensis,1,22,18,979,,964
58,Eucalyptus delegatensis,1,40,20,980,,965
58,Eucalyptus delegatensis,1,36,20,981,,966
58,Eucalyptus pauciflora,0,11,6,982,,967
58,Eucalyptus pauciflora,0,10,6,983,,968
58,Eucalyptus pauciflora,0,10,6,984,,969
58,Eucalyptus delegatensis,1,32,20,985,,970
58,Eucalyptus delegatensis,1,31.5,20,986,,971
58,Eucalyptus pauciflora,0,13,16,987,,972
58,Eucalyptus delegatensis,1,41,16,988,top dead,973
58,Eucalyptus delegatensis,1,25,17,989,,974
59,Eucalyptus pauciflora,0,42,11,990,,975
59,Eucalyptus pauciflora,0,30,9,991,,976
59,Eucalyptus pauciflora,0,13,5,992,,977
59,Eucalyptus delegatensis,1,20,10,993,,978
59,Eucalyptus delegatensis,1,12,9,994,,979
59,Eucalyptus pauciflora,0,10.5,6,995,,980
59,Eucalyptus pauciflora,0,19.5,10,996,,981
59,Eucalyptus pauciflora,0,29.5,11,997,,982
59,Eucalyptus pauciflora,0,13,6,998,,983
59,Eucalyptus pauciflora,0,35,10,999,,984
59,Eucalyptus delegatensis,1,11.5,9,1000,,985
59,Eucalyptus pauciflora,0,17,10,1001,,986
59,Eucalyptus pauciflora,0,31,11,1002,,987
59,Eucalyptus pauciflora,0,78,16,1003,,988
59,Eucalyptus delegatensis,1,79,20,1004,,989
59,Eucalyptus pauciflora,0,13,10,1005,,990
59,Eucalyptus delegatensis,1,16,12,1006,,991
59,Eucalyptus pauciflora,0,26,10,1007,,992
59,Eucalyptus delegatensis,1,54,19,1008,,993
59,Eucalyptus pauciflora,0,44,8,1009,,994
59,Eucalyptus pauciflora,0,21.5,8,1010,,995
59,Eucalyptus delegatensis,1,13,8,1011,,996
59,Eucalyptus delegatensis,1,10,9,1012,,997
59,Eucalyptus delegatensis,1,10.5,9,1013,,998
59,Eucalyptus delegatensis,1,20,14,1014,,999
59,Eucalyptus delegatensis,1,32,15,1015,,1000
59,Eucalyptus delegatensis,1,15,9,1016,,1001
59,Eucalyptus delegatensis,1,33,16,1017,,1002
59,Eucalyptus delegatensis,1,40,18,1018,,1003
59,Eucalyptus delegatensis,1,73,20,1019,,1004
59,Eucalyptus delegatensis,1,78,25,1020,,1005
59,Eucalyptus delegatensis,1,80,25,1021,,1006
59,Eucalyptus pauciflora,0,59,7,1022,stag barely alive,1007
59,Eucalyptus pauciflora,0,30,12,1023,,1008
59,Eucalyptus pauciflora,0,21,10,1024,,1009
59,Eucalyptus pauciflora,0,12,6,1025,,1010
59,Eucalyptus pauciflora,0,15.5,6,1026,,1011
60,Eucalyptus dalrympleana,0,14,6,1027,,1012
60,Eucalyptus delegatensis,1,80,20,1028,,1013
60,Eucalyptus delegatensis,1,69,25,1029,,1014
60,Eucalyptus delegatensis,1,93,35,1030,,1015
60,Eucalyptus dalrympleana,0,11,5,1031,,1016
60,Eucalyptus delegatensis,1,77,25,1032,,1017
60,Eucalyptus dalrympleana,0,64,12,1033,,1018
60,Eucalyptus delegatensis,1,16,12,1034,,1019
60,Eucalyptus delegatensis,1,12,9,1035,,1020
60,Eucalyptus delegatensis,1,16,8,1036,,1021
60,Eucalyptus delegatensis,1,15,8,1037,,1022
60,Eucalyptus delegatensis,1,10.5,7,1038,,1023
60,Eucalyptus delegatensis,1,18,9,1039,,1024
60,Eucalyptus delegatensis,1,148,25,1040,fire scar,1025
60,Eucalyptus delegatensis,1,29,13,1041,,1026
60,Eucalyptus pauciflora,0,11,7,1042,,1027
60,Eucalyptus delegatensis,1,82,20,1043,,1028
60,Eucalyptus pauciflora,0,70,18,1044,,1029
60,Eucalyptus delegatensis,1,117,35,1045,,1030
60,Eucalyptus pauciflora,0,42,18,1046,,1031
60,Eucalyptus delegatensis,1,10.5,9,1047,,1032
61,Eucalyptus delegatensis,1,17,20,1048,,1033
61,Eucalyptus delegatensis,1,33,21,1049,,1034
61,Eucalyptus delegatensis,1,31,21,1050,,1035
51,Eucalyptus delegatensis,1,13,5,,,1036
51,Eucalyptus dalrympleana,0,10,5,,,1037
51,Eucalpytus radiata,0,23,10,,,1038
51,Eucalyptus pauciflora,0,13,8,,,1039
51,Eucalpytus radiata,0,10,4,,,1040
51,Eucalyptus delegatensis,1,26,16,,,1041
51,Eucalyptus dalrympleana,0,42,15,,,1042
51,Eucalyptus dalrympleana,0,39,20,,,1043
51,Eucalyptus dalrympleana,0,64,30,,,1044
51,Eucalpytus radiata,0,26,25,,,1045
51,Eucalyptus dalrympleana,0,126,35,,,1046
51,Eucalyptus pauciflora,0,15,5,,,1047
51,Acacia melanoxylon,0,15,5,,,1048
51,Eucalyptus delegatensis,1,34,17,,,1049
51,Eucalyptus delegatensis,1,26,11,,,1050
51,Eucalyptus delegatensis,1,16,10,,,1051
51,Acacia melanoxylon,0,15,5,,,1052
51,Acacia melanoxylon,0,22,6,,,1053
51,Eucalyptus delegatensis,1,41.5,20,,,1054
51,Eucalyptus delegatensis,1,60,30,,Twin trunks,1055
51,Eucalyptus delegatensis,1,43,20,,Twin trunks,1056
51,Eucalyptus delegatensis,1,55,25,,Twin trunks,1057
51,Eucalyptus delegatensis,1,45,20,,Twin trunks,1058
51,Eucalyptus delegatensis,1,130,30,,Fire scar,1059
51,Acacia melanoxylon,0,23,8,,,1060
51,Eucalyptus delegatensis,1,30,18,,,1061
74,Eucalyptus delegatensis,1,71,40,,,1062
74,Eucalyptus delegatensis,1,78,40,,,1063
74,Eucalyptus delegatensis,1,68,40,,,1064
74,Eucalyptus delegatensis,1,34,20,,,1065
74,Eucalyptus delegatensis,1,64,40,,,1066
74,Eucalyptus delegatensis,1,57,40,,,1067
74,Eucalyptus delegatensis,1,40,35,,,1068
74,Eucalyptus delegatensis,1,47,35,,,1069
74,Eucalyptus delegatensis,1,57,40,,,1070
74,Eucalyptus delegatensis,1,57,35,,,1071
74,Eucalyptus delegatensis,1,74,40,,,1072
74,Eucalyptus delegatensis,1,60,40,,,1073
51,Acacia melanoxylon,0,10.5,5,,,1074
51,Eucalyptus dalrympleana,0,45,18,,,1075
51,Eucalyptus delegatensis,1,166,35,,Fire scar,1076
51,Eucalpytus radiata,0,11,6,,,1077
51,Eucalyptus dalrympleana,0,92,8,,Lost the crown,1078
51,Eucalyptus delegatensis,1,12,9,,,1079
51,Eucalpytus radiata,0,14,4,,,1080
63,Eucalyptus delegatensis,1,0,0,,No trees in plot - burnt 2003 & 2006,1081
64,Eucalyptus dalrympleana,0,33,4,,Resprouting epicormically - bark only on 1/2 to 3/4 of trunk.,1082
65,Eucalyptus delegatensis,1,94,40,,,1083
65,Eucalyptus delegatensis,1,106,40,,,1084
65,Eucalyptus delegatensis,1,104,40,,,1085
65,Eucalyptus delegatensis,1,85,35,,,1086
65,Eucalyptus delegatensis,1,105,40,,Height 40-45m,1087
65,Eucalyptus delegatensis,1,102,40,,Some epicormis sprouts even though crown is present. Epicormic shoots from rough bark.,1088
65,Eucalyptus delegatensis,1,109,40,,,1089
65,Eucalyptus delegatensis,1,100,40,,Height - 40-45m,1090
65,Eucalyptus delegatensis,1,89,35,,Crown senescent - some epicormic shoots from smooth bark part of trunk above sock,1091
67,Eucalyptus delegatensis,1,44,20,,,1092
67,Eucalyptus delegatensis,1,59,25,,,1093
67,Eucalyptus delegatensis,1,16,15,,,1094
67,Eucalyptus delegatensis,1,65,25,,,1095
67,Eucalyptus delegatensis,1,46,25,,,1096
67,Eucalyptus delegatensis,1,33,18,,,1097
67,Eucalyptus delegatensis,1,53,25,,,1098
67,Eucalyptus delegatensis,1,51,25,,,1099
67,Eucalyptus delegatensis,1,35,20,,,1100
67,Eucalyptus delegatensis,1,12,10,,,1101
67,Eucalyptus delegatensis,1,11,7,,,1102
67,Eucalyptus delegatensis,1,11,7,,,1103
67,Eucalyptus delegatensis,1,57,20,,,1104
67,Eucalyptus delegatensis,1,35,17,,,1105
67,Eucalyptus delegatensis,1,15,8,,,1106
67,Eucalyptus delegatensis,1,11,6,,,1107
67,Eucalyptus delegatensis,1,38,17,,,1108
67,Eucalyptus delegatensis,1,42,25,,,1109
67,Eucalyptus delegatensis,1,26,18,,,1110
67,Eucalyptus delegatensis,1,23,15,,,1111
67,Eucalyptus delegatensis,1,30,20,,,1112
67,Eucalyptus delegatensis,1,32,20,,,1113
67,Eucalyptus delegatensis,1,24,17,,,1114
67,Eucalyptus delegatensis,1,62,25,,,1115
67,Eucalyptus delegatensis,1,14,7,,,1116
67,Eucalyptus delegatensis,1,42,20,,,1117
67,Eucalyptus delegatensis,1,41,25,,,1118
67,Eucalyptus delegatensis,1,35,18,,,1119
67,Eucalyptus delegatensis,1,64,30,,,1120
67,Eucalyptus delegatensis,1,55,25,,,1121
67,Eucalyptus delegatensis,1,37,20,,,1122
67,Eucalyptus delegatensis,1,36,17,,,1123
67,Eucalyptus delegatensis,1,42,18,,,1124
68,Eucalyptus dalrympleana,0,26,10,,,1125
68,Eucalyptus dalrympleana,0,23,7,,,1126
68,Eucalyptus dalrympleana,0,25,10,,,1127
68,Eucalyptus dalrympleana,0,11,6,,Epicormic shoots present,1128
68,Eucalyptus dalrympleana,0,21,7,,,1129
68,Eucalyptus dalrympleana,0,10.5,6,,,1130
68,Eucalyptus dalrympleana,0,21,7,,,1131
68,Eucalyptus dalrympleana,0,28,10,,,1132
68,Eucalyptus dalrympleana,0,17,5,,,1133
68,Eucalyptus dalrympleana,0,15,6,,,1134
68,Eucalyptus dalrympleana,0,26,6,,,1135
68,Eucalyptus dalrympleana,0,17,5,,,1136
68,Eucalyptus dalrympleana,0,11,6,,,1137
68,Eucalyptus dalrympleana,0,14,4,,Twin trunks,1138
68,Eucalyptus dalrympleana,0,16,6,,Twin trunks,1139
68,Eucalyptus dalrympleana,0,16,5,,Epicormic shoots present,1140
70,Eucalyptus delegatensis,1,17.5,12,,,1141
70,Eucalyptus delegatensis,1,15,10,,,1142
70,Eucalyptus delegatensis,1,11.5,10,,,1143
70,Eucalyptus delegatensis,1,103,30,,Fire scar,1144
70,Eucalyptus delegatensis,1,80,35,,,1145
70,Eucalyptus delegatensis,1,17,10,,,1146
70,Eucalyptus delegatensis,1,63,35,,,1147
70,Eucalyptus delegatensis,1,16,12,,,1148
70,Eucalyptus delegatensis,1,40,25,,,1149
70,Eucalyptus delegatensis,1,22,11,,,1150
70,Eucalyptus delegatensis,1,25,15,,,1151
70,Eucalyptus delegatensis,1,80,35,,,1152
70,Eucalyptus delegatensis,1,95,30,,,1153
70,Eucalyptus dalrympleana,0,94.5,25,,,1154
70,Eucalyptus dalrympleana,0,87,30,,,1155
70,Eucalyptus delegatensis,1,97,35,,,1156
70,Eucalyptus delegatensis,1,76,35,,,1157
70,Eucalyptus delegatensis,1,71.5,35,,,1158
70,Eucalyptus dalrympleana,0,41.5,25,,,1159
70,Eucalyptus dalrympleana,0,50,18,,,1160
70,Eucalyptus delegatensis,1,22,18,,,1161
70,Eucalyptus delegatensis,1,17,12,,,1162
70,Eucalyptus delegatensis,1,14,10,,,1163
71,Eucalyptus delegatensis,1,13,6,,,1164
71,Eucalyptus delegatensis,1,12,6,,,1165
71,Eucalyptus pauciflora,0,27,6,,Resprouting epicormically.,1166
71,Eucalyptus pauciflora,0,33,10,,Resprouting epicormically.,1167
72,Eucalyptus dalrympleana,0,82,6,,Epicormic shoots,1168
72,Eucalyptus dalrympleana,0,71,20,,Epicormic,1169
73,Eucalyptus delegatensis,1,54,30,,,1170
73,Eucalyptus delegatensis,1,57,30,,,1171
73,Eucalyptus delegatensis,1,15,4,,,1172
73,Eucalyptus delegatensis,1,19,7,,,1173
73,Eucalyptus delegatensis,1,51,25,,,1174
73,Eucalyptus delegatensis,1,26,18,,,1175
73,Eucalyptus delegatensis,1,47,25,,,1176
73,Eucalyptus delegatensis,1,28,16,,,1177
73,Eucalyptus delegatensis,1,69,35,,,1178
73,Eucalyptus delegatensis,1,42,20,,,1179
73,Eucalyptus delegatensis,1,33,20,,Twin trunk,1180
73,Eucalyptus delegatensis,1,45,25,,Twin trunks,1181
73,Eucalyptus delegatensis,1,58,35,,,1182
73,Eucalyptus delegatensis,1,47,25,,,1183
73,Eucalyptus delegatensis,1,49,35,,,1184
73,Eucalyptus delegatensis,1,30,20,,,1185
73,Eucalyptus delegatensis,1,41,30,,,1186
73,Eucalyptus delegatensis,1,48.5,30,,,1187
73,Eucalyptus delegatensis,1,44.5,30,,,1188
73,Eucalyptus delegatensis,1,19,10,,,1189
73,Eucalyptus delegatensis,1,35,30,,,1190
73,Eucalyptus delegatensis,1,20,12,,,1191
73,Eucalyptus delegatensis,1,21,8,,Three trunks,1192
73,Eucalyptus delegatensis,1,25,10,,Three trunks,1193
73,Eucalyptus delegatensis,1,24,10,,Three trunks,1194
73,Eucalyptus delegatensis,1,42,24,,,1195
73,Eucalyptus delegatensis,1,38,22,,,1196
73,Eucalyptus delegatensis,1,38,25,,,1197
73,Eucalyptus delegatensis,1,53,28,,,1198
73,Eucalyptus delegatensis,1,60,30,,,1199
73,Eucalyptus delegatensis,1,43,28,,,1200
73,Eucalyptus delegatensis,1,23,8,,Four trunks - old coppice,1201
73,Eucalyptus delegatensis,1,23,10,,Four trunks - olf coppice,1202
73,Eucalyptus delegatensis,1,20,10,,Four trunks - old coppice,1203
73,Eucalyptus delegatensis,1,22,10,,Four trunks - old coppice,1204
73,Eucalyptus delegatensis,1,30,9,,Old stag resprouting from near base,1205
73,Eucalyptus delegatensis,1,22,4,,An old stag resprouting from near base.,1206
73,Eucalyptus delegatensis,1,37,25,,,1207
73,Eucalyptus delegatensis,1,46,28,,,1208
73,Eucalyptus delegatensis,1,42,25,,,1209
73,Eucalyptus delegatensis,1,68,30,,,1210
73,Eucalyptus delegatensis,1,40,25,,,1211
73,Eucalyptus delegatensis,1,23,7,,One of three sim sized resprouts of which 2 dead + 2 new at under 2cm DBH.,1212
74,Eucalyptus delegatensis,1,50,35,,,1213
74,Eucalyptus delegatensis,1,58,40,,,1214
74,Eucalyptus delegatensis,1,53,40,,,1215
74,Eucalyptus delegatensis,1,53,35,,Trunks growing close to next record,1216
74,Eucalyptus delegatensis,1,52,35,,Trunk growing close to previous record,1217
75,Eucalyptus delegatensis,1,115,35,,Bark dead on one side,1218
75,Eucalyptus delegatensis,1,145,30,,,1219
75,Eucalyptus delegatensis,1,75,35,,,1220
75,Eucalyptus delegatensis,1,89,35,,,1221
75,Eucalyptus delegatensis,1,135,35,,,1222
75,Eucalyptus delegatensis,1,86,20,,Broken,1223
75,Eucalyptus delegatensis,1,93,35,,,1224
75,Eucalyptus delegatensis,1,41,20,,,1225
76,Eucalyptus delegatensis,1,64,22,,,1226
76,Eucalyptus delegatensis,1,42,20,,,1227
76,Eucalyptus delegatensis,1,102,30,,,1228
76,Eucalyptus dalrympleana,0,56,20,,,1229
76,Eucalyptus delegatensis,1,115,30,,,1230
76,Eucalyptus dalrympleana,0,13,4,,,1231
76,Eucalyptus delegatensis,1,102,30,,,1232
76,Eucalyptus delegatensis,1,104,30,,,1233
76,Eucalyptus delegatensis,1,58,25,,,1234
76,Eucalyptus dalrympleana,0,53,20,,,1235
76,Eucalyptus dalrympleana,0,59,20,,,1236
76,Eucalyptus pauciflora,0,11,7,,,1237
76,Eucalyptus dalrympleana,0,15,5,,,1238
76,Eucalyptus dalrympleana,0,13,6,,,1239
76,Eucalyptus delegatensis,1,17,12,,,1240
76,Eucalyptus pauciflora,0,12,7,,,1241
76,Eucalyptus dalrympleana,0,16,7,,,1242
76,Eucalyptus dalrympleana,0,107,25,,,1243
76,Eucalyptus delegatensis,1,107,30,,,1244
76,Eucalyptus delegatensis,1,113,30,,,1245
76,Eucalyptus dalrympleana,0,105,25,,,1246
76,Eucalyptus delegatensis,1,27,16,,,1247
76,Eucalyptus dalrympleana,0,41,12,,,1248
76,Eucalyptus delegatensis,1,13,8,,,1249
76,Eucalyptus dalrympleana,0,21,7,,,1250
76,Eucalyptus delegatensis,1,20,8,,,1251
76,Eucalyptus delegatensis,1,129,35,,,1252
76,Eucalyptus delegatensis,1,13,8,,,1253
77,Eucalyptus delegatensis,1,13,8,,,1254
77,Eucalyptus delegatensis,1,12,8,,,1255
77,Eucalyptus delegatensis,1,12,7,,"A minor proportion of the smaller regen, < 2.5 cm DBH & 3 tall has buds or flowers & a few have fruits. Outside the plot on the track some of the larger E. del regen have flowers and fruits. Trees are c. 10 m tall and 15 cm DBH.",1256
78,Eucalyptus delegatensis,1,63,30,,,1257
78,Eucalyptus delegatensis,1,67,30,,,1258
78,Eucalyptus delegatensis,1,41,25,,,1259
78,Eucalyptus delegatensis,1,51,25,,,1260
78,Eucalyptus delegatensis,1,33,20,,,1261
78,Eucalyptus delegatensis,1,42,25,,,1262
78,Eucalyptus delegatensis,1,23,15,,,1263
78,Eucalyptus delegatensis,1,54,30,,,1264
78,Eucalyptus delegatensis,1,50,30,,,1265
78,Eucalyptus delegatensis,1,53,30,,,1266
78,Eucalyptus delegatensis,1,55,30,,,1267
78,Eucalyptus delegatensis,1,23,12,,,1268
78,Eucalyptus delegatensis,1,19,10,,,1269
78,Eucalyptus delegatensis,1,32,17,,,1270
78,Eucalyptus delegatensis,1,54,30,,,1271
78,Eucalyptus delegatensis,1,61,35,,,1272
78,Eucalyptus delegatensis,1,44,30,,,1273
78,Eucalyptus delegatensis,1,56,30,,,1274
78,Eucalyptus delegatensis,1,47,25,,,1275
78,Eucalyptus delegatensis,1,58,30,,,1276
78,Eucalyptus delegatensis,1,28,20,,,1277
78,Eucalyptus delegatensis,1,39,25,,,1278
78,Eucalyptus delegatensis,1,46,30,,,1279
79,Eucalyptus delegatensis,1,79,25,,,1280
79,Eucalyptus delegatensis,1,48,20,,,1281
79,Eucalyptus delegatensis,1,48,20,,,1282
79,Eucalyptus delegatensis,1,95,28,,,1283
79,Eucalyptus delegatensis,1,94,30,,,1284
79,Eucalyptus delegatensis,1,96,30,,,1285
79,Eucalyptus delegatensis,1,76,25,,Twin trunks,1286
79,Eucalyptus delegatensis,1,97,28,,Twin trunks,1287
79,Eucalyptus delegatensis,1,106,30,,,1288
79,Eucalyptus delegatensis,1,86,28,,,1289
79,Eucalyptus delegatensis,1,76,25,,,1290
79,Eucalyptus delegatensis,1,49,25,,,1291
79,Eucalyptus delegatensis,1,80,28,,,1292
79,Eucalyptus dalrympleana,0,83,28,,,1293
79,Eucalyptus delegatensis,1,45,25,,,1294
79,Eucalyptus delegatensis,1,42,23,,,1295
79,Eucalyptus delegatensis,1,45,25,,,1296
79,Eucalyptus delegatensis,1,84,30,,,1297
80,Eucalyptus delegatensis,1,95,35,,,1298
80,Eucalyptus delegatensis,1,32,20,,,1299
80,Eucalyptus delegatensis,1,17,11,,,1300
80,Eucalyptus delegatensis,1,21,16,,,1301
80,Acacia dallachiana,0,13,6,,,1302
80,Eucalyptus delegatensis,1,25,18,,,1303
80,Acacia dallachiana,0,15,6,,,1304
80,Acacia dallachiana,0,12,6,,,1305
80,Eucalyptus delegatensis,1,29,19,,,1306
80,Eucalyptus delegatensis,1,101,35,,,1307
80,Eucalyptus delegatensis,1,75,35,,,1308
80,Eucalyptus delegatensis,1,63,32,,,1309
80,Eucalyptus delegatensis,1,49,30,,,1310
80,Eucalyptus delegatensis,1,24,20,,,1311
80,Eucalyptus delegatensis,1,51,28,,,1312
80,Eucalyptus delegatensis,1,83,35,,,1313
80,Eucalyptus delegatensis,1,47,33,,,1314
80,Eucalyptus delegatensis,1,34,30,,,1315
80,Eucalyptus delegatensis,1,54,35,,,1316
80,Eucalyptus delegatensis,1,61,35,,,1317
80,Eucalyptus delegatensis,1,47,30,,,1318
80,Eucalyptus delegatensis,1,69,30,,,1319
80,Eucalyptus delegatensis,1,57,35,,,1320
80,Eucalyptus delegatensis,1,49,35,,,1321
80,Eucalyptus delegatensis,1,57,35,,,1322
80,Eucalyptus delegatensis,1,20,15,,,1323
80,Eucalyptus delegatensis,1,26,16,,,1324
80,Eucalyptus delegatensis,1,46,30,,,1325
80,Eucalyptus delegatensis,1,44,35,,,1326
80,Eucalyptus delegatensis,1,59,25,,,1327
80,Eucalyptus delegatensis,1,65,35,,,1328
80,Eucalyptus delegatensis,1,10,8,,,1329
80,Eucalyptus delegatensis,1,12,8,,,1330
80,Eucalyptus delegatensis,1,18,16,,,1331
81,Eucalyptus delegatensis,1,18,10,,,1332
81,Eucalyptus delegatensis,1,12,8,,,1333
82,Eucalyptus delegatensis,1,11,6,,,1334
82,Eucalyptus delegatensis,1,50,35,,,1335
82,Eucalyptus delegatensis,1,71,35,,,1336
82,Eucalyptus delegatensis,1,166,30,,,1337
82,Eucalyptus delegatensis,1,31,20,,,1338
82,Eucalyptus delegatensis,1,12,6,,,1339
82,Eucalyptus delegatensis,1,114,35,,,1340
82,Eucalyptus delegatensis,1,120,35,,,1341
82,Eucalyptus delegatensis,1,139,35,,,1342
82,Eucalyptus delegatensis,1,146,38,,,1343
82,Eucalyptus delegatensis,1,102,38,,,1344
82,Eucalyptus delegatensis,1,138,33,,,1345
83,Eucalyptus delegatensis,1,15,7,,,1346
83,Eucalyptus delegatensis,1,14,6,,,1347
83,Eucalyptus delegatensis,1,12,7,,,1348
83,Eucalyptus delegatensis,1,15,7,,,1349
83,Eucalyptus delegatensis,1,10,6,,,1350
83,Eucalyptus delegatensis,1,10,6,,,1351
83,Eucalyptus delegatensis,1,10,6,,,1352
83,Eucalyptus delegatensis,1,10,6,,,1353
83,Eucalyptus delegatensis,1,13,8,,,1354
83,Eucalyptus delegatensis,1,13,8,,Stopped measuring E. del regrowth as lots > 10 cm DBH. Regrowth ranges from 2.5-3 up to about 8 m. Stags to 40 m!,1355
85,Eucalyptus delegatensis,1,100,40,,,1356
85,Eucalyptus delegatensis,1,86,40,,,1357
85,Eucalyptus delegatensis,1,62,35,,,1358
85,Eucalyptus delegatensis,1,67,40,,,1359
85,Eucalyptus delegatensis,1,80,35,,,1360
85,Eucalyptus delegatensis,1,42,20,,,1361
85,Eucalyptus delegatensis,1,39,20,,,1362
85,Eucalyptus delegatensis,1,140,40,,,1363
85,Eucalyptus delegatensis,1,67,35,,,1364
85,Eucalyptus delegatensis,1,114,40,,,1365
85,Eucalyptus delegatensis,1,67,35,,,1366
85,Eucalyptus delegatensis,1,68,40,,,1367
85,Eucalyptus delegatensis,1,108,40,,,1368
85,Eucalyptus delegatensis,1,92,40,,,1369
85,Eucalyptus delegatensis,1,77,40,,,1370
85,Eucalyptus delegatensis,1,60,35,,,1371
87,Eucalyptus delegatensis,1,154,35,,,1372
87,Eucalyptus pauciflora,0,15,7,,,1373
87,Eucalyptus pauciflora,0,12,7,,,1374
87,Eucalyptus pauciflora,0,12,4,,,1375
87,Eucalyptus delegatensis,1,101,36,,,1376
87,Eucalyptus delegatensis,1,23,16,,,1377
87,Eucalyptus pauciflora,0,16,7,,,1378
87,Eucalyptus pauciflora,0,14,6,,Twin trunks,1379
87,Eucalyptus pauciflora,0,10,7,,Twin trunks,1380
87,Eucalyptus delegatensis,1,24,17,,,1381
87,Eucalyptus delegatensis,1,15,8,,,1382
87,Eucalyptus dalrympleana,0,15,8,,,1383
87,Eucalyptus pauciflora,0,11,6,,Twin trunks,1384
87,Eucalyptus pauciflora,0,10,5,,Twin trinks,1385
87,Eucalyptus dalrympleana,0,14,3,,,1386
87,Eucalyptus delegatensis,1,82,35,,,1387
87,Eucalyptus delegatensis,1,125,35,,,1388
87,Eucalyptus delegatensis,1,24,15,,,1389
87,Eucalyptus delegatensis,1,50,24,,,1390
87,Eucalyptus delegatensis,1,44,24,,,1391
87,Eucalyptus pauciflora,0,11,5,,,1392
87,Eucalyptus dalrympleana,0,12,10,,,1393
87,Eucalyptus dalrympleana,0,15,10,,,1394
87,Eucalyptus delegatensis,1,49,25,,,1395
87,Eucalyptus pauciflora,0,12,6,,,1396
